1234567891011_1, Rafta
1234567891011_2, Rafta
1234567891011_3, Rafta
1234567891011_4, Rafta
1234567891011_5, Rafta
9780140449334_1, Rafta
9780140449334_2, 17011010
9780140449335_1, Rafta
9780140449335_2, Rafta
9780140449335_3, Rafta
1234567891012_1, Rafta
1234567891012_2, Rafta
1234567891012_3, Rafta
1234567891012_4, Rafta
1234567891013_1, Rafta
1234567891013_2, Rafta
1234567891013_3, Rafta
1234567891022_1, Rafta
1234567891022_2, Rafta
1234567891022_3, Rafta
1234567891022_4, Rafta
1234567891022_5, Rafta
